boundary_after_previous_folio,boundary_before_folio,previous_section,current_section,adjacent_distance,conventional_section_boundary,window_3_distance,window_5_distance,window_7_distance,combined_change_point_score
f1r,f1v,unknown,herbal,2.4829156816630875,True,2.864543194870077,1.9731283343217823,2.1714018514708213,2.372997265581442
f1v,f2r,herbal,herbal,2.5167338819898157,False,1.5792925982098667,1.8975774820615503,1.8676774094140423,1.9653203429188189
f2r,f2v,herbal,herbal,3.0569192405109304,False,2.826019228551725,2.3127469163278382,2.0692523953266817,2.566234445179294
f2v,f3r,herbal,herbal,3.827727701394913,False,3.2550919930885476,1.8473603100562555,1.8671721346189085,2.699338034789656
f3r,f3v,herbal,herbal,1.6150411082201481,False,1.2835374554488885,1.4966613854592115,1.2205692063223894,1.4039522888626594
f3v,f4r,herbal,herbal,4.099910943904107,False,2.9916097431031425,1.4643825514535762,1.3555365885438384,2.4778599567511663
f4r,f4v,herbal,herbal,1.9307718436062902,False,3.206226630764306,1.1548233866968791,1.1629002513696738,1.8636805281092874
f4v,f5r,herbal,herbal,2.5998552051777284,False,1.7465332407150167,1.1017225389247223,0.6456543626407661,1.5234413368645583
f5r,f5v,herbal,herbal,2.9293185128963644,False,2.4019571078022923,0.6968267951560935,0.5648165167972383,1.6482297331629971
f5v,f6r,herbal,herbal,3.1230589451697535,False,2.4891666823359593,1.1747358002604058,0.8816164156933387,1.9171444608648642
f6r,f6v,herbal,herbal,1.6732552682371364,False,1.4076082601418718,1.4294078541391253,1.0404145513998047,1.3876714834794845
f6v,f7r,herbal,herbal,2.793340856396465,False,1.7767419226063537,0.9471159390812974,1.0761348696303916,1.648333396928627
f7r,f7v,herbal,herbal,2.3298168047266485,False,1.768860000121737,1.402640810042807,1.2562562241422204,1.689393459758353
f7v,f8r,herbal,herbal,2.420856987636933,False,1.641113536523736,1.7340797206045635,1.2261717234820635,1.7555554920618242
f8r,f8v,herbal,herbal,1.525221182719958,False,1.528530478205492,1.475916632844289,1.318366066047382,1.4620085899542803
f8v,f9r,herbal,herbal,2.993516935506016,False,2.06208417175165,1.8885685902049756,1.883129120993059,2.206824704613925
f9r,f9v,herbal,herbal,1.8384906326887693,False,1.6886674778581243,1.7840035852739133,1.7550508688313142,1.7665531411630302
f9v,f10r,herbal,herbal,2.1879611993017667,False,2.015284417117978,1.7639505634991501,1.6548180933228,1.9055035683104236
f10r,f10v,herbal,herbal,3.425004387931817,False,2.2194395225981647,1.9191931898075878,1.6080295948067953,2.2929166737860913
f10v,f11r,herbal,herbal,0.7658626051419408,False,1.2825350132837408,1.1623310087181042,1.400575383649619,1.1528260026983514
f11r,f11v,herbal,herbal,2.8635283896579815,False,1.3586190602509276,1.027388499935661,1.175384464816512,1.6062301036652704
f11v,f13r,herbal,herbal,1.9456471753319688,False,1.3392509704056947,1.0671923705839268,0.8895365127849312,1.3104067572766305
f13r,f13v,herbal,herbal,2.085027938426422,False,0.8114345466989524,0.632360666941519,0.9164856678682026,1.1113272049837741
f13v,f14r,herbal,herbal,2.3249388809679563,False,1.0155615821746555,0.8223682795557227,0.5427377679529303,1.1764016276628162
f14r,f14v,herbal,herbal,3.483679154900282,False,1.6749229862551165,1.0321726821118191,0.7682775244601607,1.7397630869318446
f14v,f15r,herbal,herbal,3.0133953690633155,False,1.248538732262728,1.3469771382884335,1.3686369520062591,1.744387047905184
f15r,f15v,herbal,herbal,3.975139543631771,False,1.0683442914756631,1.5613303960278169,1.595036311396914,2.049962635633041
f15v,f16r,herbal,herbal,3.256229983641286,False,2.364441613903758,1.8186428218868465,1.3458429643421184,2.1962893459435024
f16r,f16v,herbal,herbal,2.061733771715428,False,2.865074423436006,2.327963362795984,1.634011714553805,2.222195818125306
f16v,f17r,herbal,herbal,2.8888963942455512,False,2.488366753440783,1.9815599474524745,1.6414213640041606,2.2500611147857423
f17r,f17v,herbal,herbal,2.0676856407441337,False,1.382592521972422,1.1315695334727551,1.1361424657098553,1.4294975404747914
f17v,f18r,herbal,herbal,2.243384226480235,False,2.3362901501255355,0.8385332091859006,0.9524528415097394,1.5926651068253526
f18r,f18v,herbal,herbal,2.2431896473628994,False,2.104886540572831,1.1566793726982867,0.9498017111191362,1.6136393179382882
f18v,f19r,herbal,herbal,3.782720794748981,False,1.7512297894786508,1.838426072790899,1.5715958117934168,2.235993117202987
f19r,f19v,herbal,herbal,4.511891247008344,False,1.4893332167839977,1.3130016620383647,1.3925152934243201,2.1766853548137566
f19v,f20r,herbal,herbal,3.557902537414511,False,1.9298101377293686,1.7565708319019204,1.595714906983471,2.2099996035073177
f20r,f20v,herbal,herbal,2.753009452498974,False,0.5359168680224735,1.1639711381564388,1.4163703886458985,1.4673169618309463
f20v,f21r,herbal,herbal,1.8535262168552211,False,1.8988556555864606,1.2495013623353335,0.8385349428269334,1.460104544400987
f21r,f21v,herbal,herbal,2.8697526558700015,False,2.1633941812339073,1.4546644386530394,1.0835675097863544,1.8928446963858256
f21v,f22r,herbal,herbal,3.470885358823275,False,0.9877582486466406,1.3667668925497778,1.4144050729299675,1.809953893237415
f22r,f22v,herbal,herbal,3.4899735316529323,False,2.2036552921855908,2.868981699085969,2.2039150514987043,2.691631393605799
f22v,f23r,herbal,herbal,3.360551227701819,False,3.7284761620636457,3.1186121979169235,1.792954748778648,3.0001485841152586
f23r,f23v,herbal,herbal,1.8360339735816174,False,3.907190934060417,2.274207339743711,1.6988970436661834,2.4290823227629823
f23v,f24r,herbal,herbal,4.5176721649883715,False,3.091097304852457,1.6435574002952382,1.5232238487898293,2.693887679731474
f24r,f24v,herbal,herbal,1.671513372982448,False,2.710947665296132,2.339039943656035,1.2810483161256108,2.0006373245150564
f24v,f25r,herbal,herbal,7.714812110928627,False,5.9099042684472956,3.2914179905714223,1.8646533810703054,4.695196937754412
f25r,f25v,herbal,herbal,3.0123573582891403,False,4.883288695301461,2.5082417111131865,1.305547162405972,2.92735873177744
f25v,f26r,herbal,herbal,3.3234102029695105,False,2.069446464011604,1.3648327919281975,0.8049274439213729,1.890654225707671
f26r,f26v,herbal,herbal,3.4320487679443974,False,3.3571961174868186,0.6360911221125398,0.38745337563767684,1.9531973457953584
f26v,f27r,herbal,herbal,6.263138229377511,False,4.015148735088871,2.4292629937187336,0.9319546424281767,3.4098761501533232
f27r,f27v,herbal,herbal,3.115866891051148,False,2.0047103639927437,2.392788001618304,1.1037091657516749,2.154268605603468
f27v,f28r,herbal,herbal,1.92545304826797,False,1.6311344853209422,1.7473453258903742,1.2884583556888423,1.6480978037920322
f28r,f28v,herbal,herbal,3.553067990905006,False,2.552478587201923,1.4018309080804006,1.6960157040224113,2.3008482975524354
f28v,f29r,herbal,herbal,4.185538223027839,False,1.1004141065870388,1.3861180744355697,1.5728550391141336,2.061231360791145
f29r,f29v,herbal,herbal,4.44213236154505,False,2.0567869567133044,2.0798687846763504,0.810825763688564,2.347403466655817
f29v,f30r,herbal,herbal,2.554079739323057,False,1.6663876858374798,0.8513332842743817,0.9547844741251965,1.5066462958900289
f30r,f30v,herbal,herbal,2.0479186077988105,False,1.1963636310780854,0.9899800974793592,0.4177653116306093,1.1630069119967161
f30v,f31r,herbal,herbal,2.7188301952300336,False,2.8210303471730063,1.5605005498692277,1.2021593021250072,2.075630098599319
f31r,f31v,herbal,herbal,2.948742580117636,False,2.7839310383262754,1.6608758333383038,1.4231990225621804,2.204187118586099
f31v,f32r,herbal,herbal,2.728944610875656,False,2.060063030999035,2.163471307627466,1.790509552653513,2.1857471255389176
f32r,f32v,herbal,herbal,4.336428002314394,False,3.067165579411713,2.2109175136159864,2.071132396226157,2.9214108728920625
f32v,f33r,herbal,herbal,4.218681820616026,False,2.5664849526334454,1.9096780958791182,1.5423755346894301,2.559305100954505
f33r,f33v,herbal,herbal,3.348329323558817,False,1.7931800302734127,2.106426377309045,1.4637221319655669,2.1779144657767104
f33v,f34r,herbal,herbal,2.874030571978158,False,1.7718890272279757,1.9930068311586382,1.6021740179853834,2.0602751120875387
f34r,f34v,herbal,herbal,1.6032753533303536,False,1.8689920415118746,1.6390136439804925,1.651312910704161,1.6906484873817205
f34v,f35r,herbal,herbal,1.1685074589014068,False,1.6641330646267487,1.2926297935737106,1.5792265937321321,1.4261242277084996
f35r,f35v,herbal,herbal,0.9227680760237779,False,1.3126355378436885,1.2451212631023687,1.1844839127581588,1.1662521974319986
f35v,f36r,herbal,herbal,2.7100004326359715,False,1.7917018246626593,1.213629005212872,0.9413744675358845,1.6641764325118467
f36r,f36v,herbal,herbal,2.9547672803894454,False,0.641648531840893,1.4651960502933998,0.9399454614711585,1.5003893309987244
f36v,f37r,herbal,herbal,3.140422256126522,False,1.336701598734041,1.3282452030547802,1.0137442172196647,1.7047783187837517
f37r,f37v,herbal,herbal,1.5176052859383615,False,3.0093258596604504,1.930138046951691,1.6738764161829807,2.032736402183371
f37v,f38r,herbal,herbal,5.88673544665667,False,3.077810974106287,2.3290006055948065,1.7535192057013957,3.26176655801479
f38r,f38v,herbal,herbal,4.133576567082816,False,2.006972631470514,1.6933823402684347,1.1512966725808673,2.246307052850658
f38v,f39r,herbal,herbal,2.9148427136479307,False,3.6465405543906666,2.0161691635202117,1.7852513746964782,2.590700951563822
f39r,f39v,herbal,herbal,3.8576092124593235,False,3.461213965996567,1.908404173164677,1.658377221362209,2.7214011432456937
f39v,f40r,herbal,herbal,2.729933124605398,False,1.2535790053537392,1.584371967933083,1.280637549537878,1.7121304118575245
f40r,f40v,herbal,herbal,3.1815582047870006,False,2.981849840511676,2.1175774461550474,1.4615893293141835,2.4356437051919766
f40v,f41r,herbal,herbal,1.9905768325589426,False,2.4697676309865995,1.7201894048569972,1.6070806259011585,1.9469036235759245
f41r,f41v,herbal,herbal,1.284182441769132,False,1.0047320731500995,1.3354191112339169,1.372920615236803,1.2493135603474879
f41v,f42r,herbal,herbal,3.500421252521106,False,2.052257261713299,1.220443831602925,0.913967069198415,1.9217723537589362
f42r,f42v,herbal,herbal,3.1192961213026873,False,1.8164921770309177,1.2512731157202412,1.652192445742117,1.9598134649489911
f42v,f43r,herbal,herbal,3.2825626141065896,False,1.676939912064554,1.3142254022588435,1.3914772099171007,1.916301284586772
f43r,f43v,herbal,herbal,2.0441729528876618,False,1.6912413830550628,1.3171539104706254,1.0647965263395975,1.529341193188237
f43v,f44r,herbal,herbal,3.2933107401587667,False,2.3754059436452315,1.1957214876698554,1.216459124227761,2.0202243239254036
f44r,f44v,herbal,herbal,2.366513614645136,False,2.0965110479295954,0.7610908596047946,1.16581297922932,1.5974821253522116
f44v,f45r,herbal,herbal,1.2620699120349503,False,1.6610520968444877,0.969344688604133,0.4946456519344281,1.0967780873544999
f45r,f45v,herbal,herbal,5.34101142245931,False,2.248642579023886,1.47333706962306,0.345941342565155,2.352233103417853
f45v,f46r,herbal,herbal,4.884267804002172,False,1.9094962860139206,1.275469928553598,0.8889362450321027,2.2395425659004484
f46r,f46v,herbal,herbal,1.5836777297413982,False,1.5537912329564294,1.1580274167356928,0.6921371212249956,1.246908375164629
f46v,f47r,herbal,herbal,3.2064750333938834,False,1.9153833913135323,0.7349726742630152,0.706547456751337,1.6408446389304419
f47r,f47v,herbal,herbal,3.2966185270083495,False,1.6439744221802943,1.3457363323153626,1.1491266025927103,1.8588639710241792
f47v,f48r,herbal,herbal,3.772446441016345,False,1.4282152120503595,1.7147953175463166,1.6582297661862417,2.143421684199816
f48r,f48v,herbal,herbal,2.97097474412168,False,1.8178659319205543,0.7378275459869168,1.1703230785718273,1.6742478251502446
f48v,f49r,herbal,herbal,2.5546791482253286,False,1.5788381699135718,0.8776224635956827,1.290819569502129,1.575489837809178
f49r,f49v,herbal,herbal,2.4676679252214515,False,1.2467789537573069,1.5466445296140754,1.1009810163156062,1.59051810622711
f49v,f50r,herbal,herbal,2.7990210187246785,False,2.206971011919899,1.6837471361654308,1.0092521766938451,1.9247478358759635
f50r,f50v,herbal,herbal,1.4821127027073782,False,2.073490422231457,1.1077736593100722,1.0400801656808958,1.4258642374824508
f50v,f51r,herbal,herbal,1.9682975093416262,False,1.302437114398327,1.1076667179142843,0.7373132158871649,1.2789286393853505
f51r,f51v,herbal,herbal,2.37798758246469,False,0.9296239486591874,1.0006610610342621,1.0786273128206991,1.3467249762447098
f51v,f52r,herbal,herbal,2.118319400446334,False,2.0756384117386166,1.7253447405371967,1.3779532057840225,1.8243139396265424
f52r,f52v,herbal,herbal,3.153649969493568,False,2.1297081479462134,2.2747482358977162,1.75062346064007,2.327182453494392
f52v,f53r,herbal,herbal,2.2725093887199748,False,1.9321612602585168,2.068141338397054,1.8200802005196308,2.023223046973794
f53r,f53v,herbal,herbal,3.1717707714955927,False,1.046612707487406,1.5978335434623296,1.8205931573021223,1.9092025449368626
f53v,f54r,herbal,herbal,4.398358929375855,False,2.208468885588963,2.147448994902464,1.9754959181116045,2.6824431819947216
f54r,f54v,herbal,herbal,2.385440335552595,False,1.9222961985004972,1.6356249174888586,1.2045200105987715,1.7869703655351803
f54v,f55r,herbal,herbal,1.9370523653099123,False,1.5881980753645948,1.5893948213263627,1.4143156503422893,1.63224022808579
f55r,f55v,herbal,herbal,2.7252147585819206,False,1.7725798710122966,1.148759829639508,1.4492458895206781,1.773950087188601
f55v,f56r,herbal,herbal,2.8398740788105785,False,1.8636676794025098,1.228238097091955,1.5955043981155,1.8818210633551358
f56r,f56v,herbal,herbal,3.4141399720199628,False,1.8756853748050302,1.6794691173856298,1.647027452647651,2.1540804792145685
f56v,f57r,herbal,herbal,4.197397226461349,False,2.409048946353084,2.532588315550517,1.7736206399052592,2.728163782067552
f57r,f57v,herbal,cosmological,3.3111456422683427,True,2.8410810021321713,2.6363580326092606,1.7154159373943618,2.626000153601034
f57v,f58r,cosmological,unknown,4.004796993294397,True,3.929136792345531,2.3306586725959937,1.608949906562669,2.9683855911996475
f58r,f58v,unknown,unknown,1.644042801782687,False,5.009092538611497,2.709260860915237,1.8318238156794409,2.7985550042472154
f58v,f65r,unknown,herbal,15.531011837872587,True,5.996522031487825,3.3485223193830307,2.461191233346895,6.834311855522584
f65r,f65v,herbal,herbal,12.523581377872857,False,3.951061680359027,2.5212825674841013,1.9585111130609691,5.238609184694238
f65v,f66r,herbal,unknown,4.3571581165929745,True,5.18920998873888,3.086255014406102,2.315669238193671,3.737073089482907
f66r,f66v,unknown,herbal,2.348169096518485,True,5.0069524773876095,2.5801059667443216,2.170444120227512,3.026417915219482
f66v,f67r1,herbal,astronomical_zodiac,2.1950667072861876,True,1.3047264928766604,3.008364686582378,2.583476444436559,2.2729085827954463
f67r1,f67r2,astronomical_zodiac,astronomical_zodiac,1.350676663757607,False,1.9158621233607809,3.093486317239554,2.5211568714466206,2.2202954939511406
f67r2,f67v1,astronomical_zodiac,astronomical_zodiac,3.6320030655915225,False,2.880461863876075,2.5498011721796443,2.7431818282860676,2.9513619824833275
f67v1,f67v2,astronomical_zodiac,cosmological,3.0029250105710994,True,1.9207900694130273,1.6839085451984668,2.1613420086189823,2.1922414084503936
f67v2,f68r1,cosmological,astronomical_zodiac,4.119003699790136,True,1.9914441595538146,1.4126173532122266,0.8093856198107706,2.083112708091737
f68r1,f68r2,astronomical_zodiac,astronomical_zodiac,1.6443816683236767,False,1.8912276282908689,0.6783630043001837,0.564932608097674,1.1947262272531007
f68r2,f68r3,astronomical_zodiac,astronomical_zodiac,1.3733000670705349,False,1.7273273916080392,1.7542376055459368,1.2467702851400808,1.5254088373411478
f68r3,f68v1,astronomical_zodiac,astronomical_zodiac,3.99852679572049,False,2.670556620532445,2.694131438332577,2.0292259625268336,2.848110204278086
f68v1,f68v2,astronomical_zodiac,astronomical_zodiac,5.822547541198026,False,2.555568011789254,2.2702040638728325,1.893872368600941,3.1355479963652635
f68v2,f68v3,astronomical_zodiac,cosmological,3.3373196172490074,True,2.2393436734888126,2.7451740623624343,2.399423272502533,2.6803151564006966
f68v3,f69r,cosmological,cosmological,1.6540023244982278,False,1.5107590452716044,1.5997516849702147,1.5727418876358739,1.58431373559398
f69r,f69v,cosmological,cosmological,2.2931875612013655,False,1.6926615106810783,0.6793541029858441,1.226123111940511,1.4728315717021996
f69v,f70r1,cosmological,cosmological,2.2679599139133453,False,1.1156408998545473,0.8568944610966197,0.7921310605875865,1.2581565838630249
f70r1,f70r2,cosmological,cosmological,3.8623649910633615,False,1.7264519657857746,1.4399673041240837,0.909178137124032,1.984490599524313
f70r2,f70v1,cosmological,unknown,5.186772780390622,True,2.21282766700523,1.6357334385392026,1.299103495095003,2.583609345257514
f70v1,f70v2,unknown,recipes_stars,2.8262408370991636,True,0.846418493601648,1.0334370267875939,1.1484863268128827,1.463645671075322
f70v2,f71r,recipes_stars,unknown,3.6211384064703362,True,0.9821940281103105,0.5479141562070229,0.9008455234909166,1.5130230285696467
f71r,f71v,unknown,unknown,3.3801352555097504,False,1.5795237531551727,0.7951881204101984,0.8165404555415311,1.6428468961541633
f71v,f72r1,unknown,unknown,1.6611179525735944,False,0.7706604650900556,0.7201603511320623,1.0230025673826566,1.0437353340445923
f72r1,f72r2,unknown,unknown,1.8108684776604145,False,0.7562409643184637,0.9046119819848805,1.1809394956691461,1.1631652299082262
f72r2,f72r3,unknown,unknown,2.0746150013062525,False,1.6036570430154335,1.633572538550512,1.4591687518331908,1.6927533336763472
f72r3,f72v1,unknown,unknown,1.691832703341692,False,1.883247229249571,1.6522952648332816,1.6918636994258511,1.729809724212599
f72v1,f72v2,unknown,unknown,1.285017401486909,False,2.027956111963364,2.2024313273609026,2.285412519581452,1.950204340098157
f72v2,f72v3,unknown,unknown,2.1289126142480708,False,1.688666012046555,2.3396981110236945,2.6401466199157233,2.199355839308511
f72v3,f73r,unknown,unknown,1.6110798623175522,False,1.847427402317609,2.69265750554638,3.1108518733198873,2.3155041608753573
f73r,f73v,unknown,unknown,0.6188556916030101,False,3.349223140167556,3.564140915230414,3.8574444043339193,2.847416037833725
f73v,f75r,unknown,biological_balneological,5.164504456718211,True,4.880196532428697,4.4937123747722065,4.383102725479704,4.730379022349704
f75r,f75v,biological_balneological,biological_balneological,1.3768634576086645,False,2.703073445363088,3.528562807982043,3.7293608714045225,2.8344651455895793
f75v,f76r,biological_balneological,unknown,1.539997592451996,True,1.6600897757627946,2.524587814247987,2.9634332876037397,2.1720271175166292
f76r,f76v,unknown,biological_balneological,2.206657397422005,True,1.750456378119639,1.8041878220176952,2.1178035798863086,1.969776294361412
f76v,f77r,biological_balneological,biological_balneological,2.394035945775526,False,1.8226624967269096,1.0918060517541452,1.902837731710584,1.8028355564917913
f77r,f77v,biological_balneological,biological_balneological,2.5474971883223327,False,1.7637742532092366,0.5626636502701636,1.3294607547515853,1.5508489616383296
f77v,f78r,biological_balneological,biological_balneological,3.8371478377376973,False,2.069755868538262,0.9432141661557991,0.7366894065697448,1.8967018197503758
f78r,f78v,biological_balneological,biological_balneological,1.3543902895171427,False,1.975060588157722,0.9435251245505443,1.0865500307260525,1.3398815082378654
f78v,f79r,biological_balneological,biological_balneological,2.8809179387466846,False,1.9561592141890365,1.3973211921789408,1.01518999087313,1.8123970839969479
f79r,f79v,biological_balneological,biological_balneological,1.8575562684450104,False,1.238046394185124,0.8560478212658426,0.5950378050296983,1.1366720722314188
f79v,f80r,biological_balneological,biological_balneological,2.6387612654717776,False,0.951638559054662,0.6602128296226005,0.5556312643818212,1.2015609796327154
f80r,f80v,biological_balneological,biological_balneological,1.8544047437203715,False,1.2338717669476333,0.6658587224033894,1.1095379856864351,1.2159183046894573
f80v,f81r,biological_balneological,biological_balneological,2.2046914898584764,False,1.5568422510908895,1.0782425265680284,1.3116799782589397,1.5378640614440835
f81r,f81v,biological_balneological,biological_balneological,1.1847707030463248,False,0.968189121419272,1.1633565312082816,0.8251218811694104,1.0353595592108222
f81v,f82r,biological_balneological,biological_balneological,2.4432202945699357,False,1.8556170067649218,1.3947192903538335,1.0726334748234876,1.6915475166280447
f82r,f82v,biological_balneological,biological_balneological,1.6841829141187745,False,1.4631922126579728,1.0800237704130025,0.6694356881566965,1.2242086463366117
f82v,f83r,biological_balneological,biological_balneological,3.38324245377436,False,1.9064178338277018,0.8770188882703097,0.8904005883893688,1.764269941065435
f83r,f83v,biological_balneological,biological_balneological,1.3731094474229677,False,1.2105439251498804,0.5391374707085173,0.7492063808104803,0.9679993060229615
f83v,f84r,biological_balneological,biological_balneological,2.4832633213012776,False,1.6370647491068135,0.9910102455965517,1.1775458706422461,1.5722210466617224
f84r,f84v,biological_balneological,biological_balneological,3.397943828810861,False,2.36632679294642,1.6123024124281753,1.5742215819585434,2.237698654036
f84v,f85r1,biological_balneological,unknown,5.34323279704418,True,2.6021151200056845,2.294634158396685,2.2021325529008196,3.1105286570868422
f85r1,f85r2,unknown,cosmological,2.0963158827837782,True,1.9576766401647987,1.6485191348667865,2.2903880087761355,1.9982249166478747
f85r2,f86v3,cosmological,cosmological,1.5468558165589206,False,1.0242406866228615,1.5858350546933007,2.4134275499977065,1.6425897769681974
f86v3,f86v4,cosmological,cosmological,1.5966165595764539,False,1.6461071711791546,2.1618755200145996,2.4646412783210407,1.9673101322728122
f86v4,f86v5,cosmological,unknown,3.354525987606412,True,1.6842960280877126,2.320644700624431,2.3991610904445726,2.439656951690782
f86v5,f86v6,unknown,unknown,2.632625667853619,False,2.58758880842206,2.3713590594291696,2.6965496551217365,2.5720307977066463
f86v6,f87r,unknown,herbal,4.2243863828310575,True,3.5975009541498966,2.886279491447452,2.7967028372954226,3.376217416430957
f87r,f87v,herbal,herbal,1.9647600984414797,False,2.394269720255834,1.9355585010269993,1.9374756571690992,2.058015994223353
f87v,f88r,herbal,pharmaceutical,3.664873438390158,True,0.9290914502752781,0.9761458203681057,1.5814590355876523,1.7878924361552986
f88r,f88v,pharmaceutical,pharmaceutical,3.9498373924789467,False,1.9358682186495084,1.1691866403200024,1.4427976425615356,2.124422473502498
f88v,f89r1,pharmaceutical,pharmaceutical,1.858546456988922,False,1.829117455598569,1.0750490806093271,1.2762967092967374,1.5097524256233887
f89r1,f89r2,pharmaceutical,pharmaceutical,1.707869922143384,False,0.9578367949714106,1.126022740030885,1.3715760134649146,1.2908263676526486
f89r2,f89v1,pharmaceutical,pharmaceutical,2.068209872604468,False,1.84304370894082,1.2766528390553151,1.298416980081122,1.6215808501704312
f89v1,f89v2,pharmaceutical,pharmaceutical,3.7303814446849493,False,1.8398406471428934,1.5885960894769522,0.9569767037190388,2.0289487212559583
f89v2,f90r1,pharmaceutical,herbal,3.0953285739691507,True,2.485918072023257,1.6935277360029786,1.5509521901611067,2.2064316430391235
f90r1,f90r2,herbal,herbal,4.688853076142954,False,2.355473620856707,1.5969101050219086,1.7910268862343064,2.608065922063969
f90r2,f90v1,herbal,herbal,3.3100884555984242,False,0.9195813055269801,0.754739502442386,0.9465670690420954,1.4827440831524714
f90v1,f90v2,herbal,herbal,1.8833248348336296,False,1.3645635628678796,0.8155156379203015,0.9581674889251173,1.255392881136732
f90v2,f93r,herbal,herbal,3.266671624356766,False,1.565179928389594,1.8082875023832146,1.4487174812368566,2.022214134091608
f93r,f93v,herbal,herbal,2.821698373379355,False,2.047829271856528,1.6203895899348968,2.0764567608988513,2.1415934990174077
f93v,f94r,herbal,herbal,2.5662853153813012,False,2.3815998273960592,1.3534270865213205,1.8639035861631472,2.0413039538654574
f94r,f94v,herbal,herbal,2.701449305357891,False,2.038474500553483,2.215358735358078,1.4866754731733656,2.1104895036107045
f94v,f95r1,herbal,herbal,1.4552962202442603,False,1.2071820329103353,1.3615774288624365,0.8731713583086438,1.224306760081419
f95r1,f95r2,herbal,herbal,5.090471345191574,False,1.7721003862119804,1.197849336046823,0.6879461504553983,2.187091804476444
f95r2,f95v1,herbal,herbal,4.318174151979139,False,1.6586494356633439,1.156786653224118,0.9506290313854411,2.0210598180630104
f95v1,f95v2,herbal,herbal,2.6727632320670724,False,1.8867665445659143,1.1399563203700886,0.8863710386914276,1.6464642839236256
f95v2,f96r,herbal,herbal,4.41503108176397,False,2.2091771234935256,1.8526770442379756,1.5405412930605178,2.504356635638997
f96r,f96v,herbal,herbal,2.0109830729349736,False,1.433528382681418,1.3357043488000386,1.7491172186639,1.6323332557700825
f96v,f99r,herbal,pharmaceutical,4.822584908940034,True,2.2173362690123253,2.0391708687637977,2.012499463002994,2.772897877429788
f99r,f99v,pharmaceutical,unknown,1.5622969266559057,True,1.721905785635248,2.11156643402085,1.654918080311831,1.7626718066559588
f99v,f100r,unknown,pharmaceutical,2.1143643383599424,True,1.7350316425621006,1.6656533200564687,1.5579112213758681,1.768240130588595
f100r,f100v,pharmaceutical,pharmaceutical,1.6955510005700682,False,1.851151629710084,1.604524769142565,1.943454316410834,1.773670428958388
f100v,f101r,pharmaceutical,pharmaceutical,3.637608171714363,False,1.3939515146013608,1.3630630737913456,2.0188847072106335,2.103376866829426
f101r,f101v,pharmaceutical,pharmaceutical,2.698702048482625,False,0.6218749403815602,1.0370990656428705,1.523364087545264,1.47026003551308
f101v,f102r1,pharmaceutical,pharmaceutical,4.518610908276076,False,2.2990167884724957,1.5636625203859371,1.6967284719321611,2.5195046722666676
f102r1,f102r2,pharmaceutical,pharmaceutical,3.1964451870766335,False,1.6019661479633303,2.2019545376033944,2.069350543330721,2.2674291039935195
f102r2,f102v1,pharmaceutical,pharmaceutical,1.4691887330308635,False,1.9895271160123158,2.3538055697345266,2.168090752449192,1.9951530428067246
f102v1,f102v2,pharmaceutical,pharmaceutical,3.3427544410888004,False,2.8554328139683784,2.4052442438223305,2.4911059036036374,2.7736343506207866
f102v2,f103r,pharmaceutical,recipes_stars,5.285302348925473,True,3.4916837390955027,2.919884961804037,2.663554375741077,3.5901063563915225
f103r,f103v,recipes_stars,recipes_stars,1.242219727427054,False,1.8545252601089188,1.9727549350462683,1.9306630619516756,1.7500407461334793
f103v,f104r,recipes_stars,recipes_stars,3.1357301196266354,False,1.8163906553265996,1.9457788961155773,1.8070052082679324,2.176226219834186
f104r,f104v,recipes_stars,recipes_stars,1.2328871908966017,False,2.1339654600459306,1.5752906022963962,1.599106877650502,1.6353125327223577
f104v,f105r,recipes_stars,recipes_stars,1.3239351913346031,False,1.2961030522507986,1.1156622621067647,1.1108322466691916,1.2116331880903395
f105r,f105v,recipes_stars,recipes_stars,2.875653436306482,False,0.7474291025273637,1.153236137539517,0.9207702755563759,1.4242722379824346
f105v,f106r,recipes_stars,recipes_stars,2.5141334926648162,False,0.8969470683562064,0.6717387615746663,0.9779746723801147,1.2651984987439509
f106r,f106v,recipes_stars,recipes_stars,1.0552518423548292,False,1.1553403142698822,1.2543203739085442,0.6565666813577712,1.0303698029727566
f106v,f107r,recipes_stars,recipes_stars,0.5756889008715672,False,1.5518929255829326,1.3899093938139844,1.0526047085222547,1.1425239821976847
f107r,f107v,recipes_stars,recipes_stars,1.122860625179804,False,1.5619800854606563,1.6635134000320195,1.4326205558607727,1.445243666633313
f107v,f108r,recipes_stars,recipes_stars,1.0092108132151623,False,1.1429643070648596,1.3173357334066058,1.0033901199883926,1.1182252434187552
f108r,f108v,recipes_stars,recipes_stars,0.9031306259493019,False,1.0866995406632207,0.8337207301132874,0.7753827688123311,0.8997334163845353
f108v,f111r,recipes_stars,recipes_stars,1.0360460109761875,False,0.7018384039389939,0.3104089758326659,0.4511670595278941,0.6248651125689354
f111r,f111v,recipes_stars,recipes_stars,2.665630554690207,False,1.0450866427424,0.7601972703330508,0.5395041841852013,1.2526046629877148
f111v,f112r,recipes_stars,recipes_stars,3.051999343520553,False,1.5581913156172105,1.345740422932262,1.0107797104310854,1.7416776981252777
f112r,f112v,recipes_stars,recipes_stars,1.2240545413118171,False,0.9616417203000508,1.399691459622498,1.3561096671274735,1.23537434709046
f112v,f113r,recipes_stars,recipes_stars,2.490001898390366,False,1.8003423278598243,1.4976259650280914,1.234718407827234,1.755672149776379
f113r,f113v,recipes_stars,recipes_stars,1.562905923587009,False,0.7811548249621243,1.1815173542475164,2.3445282430350756,1.4675265864579314
f113v,f114r,recipes_stars,recipes_stars,1.6681141020454626,False,0.8534712147972401,0.752688229011015,2.312129788482918,1.3966008335841589
f114r,f114v,recipes_stars,recipes_stars,1.6198191346950863,False,1.0799003750344167,3.2698244664919884,2.728535545295885,2.1745198803793437
f114v,f115r,recipes_stars,recipes_stars,1.3083193686543664,False,1.1800067963399365,3.4169277894514862,3.2523453554825497,2.2893998274820846
f115r,f115v,recipes_stars,recipes_stars,1.366845461164688,False,5.639681019805822,4.308530721637778,4.111776825126624,3.856708506933728
f115v,f116r,recipes_stars,recipes_stars,4.636539565723544,False,5.853950452217161,5.7710277805637835,5.7463339901473445,5.5019629471629585
f116r,f116v,recipes_stars,unknown,16.090211529460362,True,7.88344025728546,7.961141003630975,8.010712325643638,9.986376279005109
f116v,fRos,unknown,unknown,16.58942959941877,False,6.14956643268078,4.409333384774266,3.5813071605511237,7.682409144356234
